name,calories,sodium,potass,rating
100% Bran,70,130,280,68.402973
100% Natural Bran,120,15,135,33.983679
All-Bran,70,260,320,59.425505
All-Bran with Extra Fiber,50,140,330,93.704912
Almond Delight,110,200,-1,34.384843
Apple Cinnamon Cheerios,110,180,70,29.509541
Apple Jacks,110,125,30,33.174094
Basic 4,130,210,100,37.038562
Bran Chex,90,200,125,49.120253
Bran Flakes,90,210,190,53.313813
